temperature,hbonds,std,se,96%CI
5.000000000000000000e+00,3.617750000000000021e+00,4.652778067993356692e-01,1.645005461617072839e-01,3.224210704769462921e-01
2.000000000000000000e+01,3.980624999999999858e+00,3.047453598908440031e-01,1.077437552569753404e-01,2.111777603036716633e-01
3.700000000000000000e+01,3.201375000000000082e+00,3.242972931971526696e-01,1.146564075700743368e-01,2.247265588373456857e-01
5.000000000000000000e+01,2.798124999999999751e+00,4.171577751582726812e-01,1.474875458195538391e-01,2.890755898063255280e-01
7.500000000000000000e+01,2.199749999999999872e+00,2.505961641765491743e-01,8.859912351428764210e-02,1.736542820880037641e-01
1.000000000000000000e+02,1.717749999999999888e+00,2.875451051574343664e-01,1.016625468769103702e-01,1.992585918787443122e-01
1.250000000000000000e+02,1.124624999999999986e+00,2.397242882458930080e-01,8.475533491689475618e-02,1.661204564371137060e-01
1.500000000000000000e+02,8.923749999999999183e-01,1.538342756832819513e-01,5.438862975728473576e-02,1.066017143242780768e-01
2.000000000000000000e+02,5.416250000000000231e-01,1.162937417705699333e-01,4.111604670776362186e-02,8.058745154721669302e-02
