temperature,helicity,std,se,96%CI
5.000000000000000000e+00,7.034500000000000197e-01,7.456527900660829544e-02,2.636280721331981866e-02,5.167110213810684194e-02
2.000000000000000000e+01,7.003666666666665819e-01,9.421246084132275933e-02,3.330913496658569062e-02,6.528590453450795750e-02
3.700000000000000000e+01,6.401916666666666034e-01,7.616696161503794249e-02,2.692908753018439724e-02,5.278101155916141429e-02
5.000000000000000000e+01,5.978833333333333222e-01,8.764101494163563377e-02,3.098577798765104335e-02,6.073212485579604358e-02
7.500000000000000000e+01,4.757583333333332831e-01,7.524550143437884475e-02,2.660330215901568138e-02,5.214247223167073342e-02
1.000000000000000000e+02,3.422416666666666663e-01,1.161899734510493665e-01,4.107935906656096092e-02,8.051554377045948285e-02
1.250000000000000000e+02,1.451250000000000040e-01,6.837776959655821052e-02,2.417519228206882129e-02,4.738337687285489042e-02
1.500000000000000000e+02,7.037500000000000699e-02,5.777408047732131985e-02,2.042622204116561688e-02,4.003539520068460922e-02
2.000000000000000000e+02,1.314166666666666955e-02,2.093955421100352973e-02,7.403250388811961034e-03,1.451037076207144401e-02
